COUN_NAME,TOWN_NAME,COUNT
嘉義縣,太保市,252828
嘉義縣,太保市,508368
嘉義縣,太保市,589908
嘉義縣,太保市,555063
嘉義縣,太保市,458578
嘉義縣,太保市,418391
嘉義縣,太保市,539343
嘉義縣,太保市,477355
嘉義縣,太保市,468540
嘉義縣,太保市,374144
嘉義縣,太保市,884057
嘉義縣,太保市,547682
嘉義縣,朴子市,316221
嘉義縣,朴子市,235102
嘉義縣,朴子市,307607
嘉義縣,朴子市,647508
嘉義縣,朴子市,330358
嘉義縣,朴子市,639769
嘉義縣,朴子市,554145
嘉義縣,朴子市,378211
嘉義縣,朴子市,596098
嘉義縣,朴子市,375790
嘉義縣,朴子市,333162
嘉義縣,朴子市,413257
嘉義縣,朴子市,396170
嘉義縣,朴子市,684286
嘉義縣,朴子市,313850
嘉義縣,布袋鎮,219710
嘉義縣,布袋鎮,342685
嘉義縣,布袋鎮,511829
嘉義縣,布袋鎮,475778
嘉義縣,布袋鎮,230923
嘉義縣,布袋鎮,334812
嘉義縣,布袋鎮,384560
嘉義縣,布袋鎮,343745
嘉義縣,布袋鎮,387571
嘉義縣,布袋鎮,55633
嘉義縣,布袋鎮,541186
嘉義縣,布袋鎮,233871
嘉義縣,大林鎮,55273
嘉義縣,大林鎮,310906
嘉義縣,大林鎮,360405
嘉義縣,大林鎮,410763
嘉義縣,大林鎮,629778
嘉義縣,大林鎮,377439
嘉義縣,大林鎮,406125
嘉義縣,大林鎮,450822
嘉義縣,大林鎮,383055
嘉義縣,大林鎮,744094
嘉義縣,大林鎮,345109
嘉義縣,大林鎮,449713
嘉義縣,民雄鄉,493684
嘉義縣,民雄鄉,445275
嘉義縣,民雄鄉,1340009
嘉義縣,民雄鄉,647382
嘉義縣,民雄鄉,659200
嘉義縣,民雄鄉,569282
嘉義縣,民雄鄉,552291
嘉義縣,民雄鄉,484414
嘉義縣,民雄鄉,561154
嘉義縣,民雄鄉,458723
嘉義縣,民雄鄉,372849
嘉義縣,民雄鄉,768577
嘉義縣,民雄鄉,379608
嘉義縣,民雄鄉,626164
嘉義縣,民雄鄉,300869
嘉義縣,民雄鄉,316482
嘉義縣,民雄鄉,396913
嘉義縣,民雄鄉,543267
嘉義縣,民雄鄉,440001
嘉義縣,民雄鄉,470414
嘉義縣,民雄鄉,306333
嘉義縣,民雄鄉,309811
嘉義縣,民雄鄉,502662
嘉義縣,民雄鄉,593078
嘉義縣,溪口鄉,276624
嘉義縣,溪口鄉,51311
嘉義縣,溪口鄉,323791
嘉義縣,溪口鄉,407445
嘉義縣,溪口鄉,414420
嘉義縣,溪口鄉,368961
嘉義縣,溪口鄉,587251
嘉義縣,新港鄉,305805
嘉義縣,新港鄉,502973
嘉義縣,新港鄉,266095
嘉義縣,新港鄉,506608
嘉義縣,新港鄉,415049
嘉義縣,新港鄉,445884
嘉義縣,新港鄉,650974
嘉義縣,新港鄉,339138
嘉義縣,新港鄉,293822
嘉義縣,新港鄉,536326
嘉義縣,新港鄉,435456
嘉義縣,六腳鄉,418744
嘉義縣,六腳鄉,469346
嘉義縣,六腳鄉,52531
嘉義縣,六腳鄉,311756
嘉義縣,六腳鄉,326105
嘉義縣,六腳鄉,275457
嘉義縣,六腳鄉,324396
嘉義縣,六腳鄉,410553
嘉義縣,六腳鄉,277658
嘉義縣,六腳鄉,410487
嘉義縣,東石鄉,208045
嘉義縣,東石鄉,183628
嘉義縣,東石鄉,194376
嘉義縣,東石鄉,250957
嘉義縣,東石鄉,292297
嘉義縣,東石鄉,290707
嘉義縣,東石鄉,281232
嘉義縣,東石鄉,173252
嘉義縣,東石鄉,61464
嘉義縣,東石鄉,310124
嘉義縣,東石鄉,315742
嘉義縣,東石鄉,356647
嘉義縣,義竹鄉,254715
嘉義縣,義竹鄉,395618
嘉義縣,義竹鄉,294660
嘉義縣,義竹鄉,298642
嘉義縣,義竹鄉,351198
嘉義縣,義竹鄉,60823
嘉義縣,義竹鄉,455173
嘉義縣,義竹鄉,192035
嘉義縣,鹿草鄉,326075
嘉義縣,鹿草鄉,371986
嘉義縣,鹿草鄉,323964
嘉義縣,鹿草鄉,265169
嘉義縣,鹿草鄉,297509
嘉義縣,鹿草鄉,51987
嘉義縣,鹿草鄉,269439
嘉義縣,水上鄉,483219
嘉義縣,水上鄉,686481
嘉義縣,水上鄉,399740
嘉義縣,水上鄉,451571
嘉義縣,水上鄉,459196
嘉義縣,水上鄉,325589
嘉義縣,水上鄉,727989
嘉義縣,水上鄉,588962
嘉義縣,水上鄉,413086
嘉義縣,水上鄉,372655
嘉義縣,水上鄉,495781
嘉義縣,水上鄉,455824
嘉義縣,水上鄉,525614
嘉義縣,水上鄉,475770
嘉義縣,水上鄉,387114
嘉義縣,水上鄉,274242
嘉義縣,水上鄉,357544
嘉義縣,中埔鄉,414833
嘉義縣,中埔鄉,564088
嘉義縣,中埔鄉,573392
嘉義縣,中埔鄉,504074
嘉義縣,中埔鄉,610196
嘉義縣,中埔鄉,446854
嘉義縣,中埔鄉,507606
嘉義縣,中埔鄉,458988
嘉義縣,中埔鄉,524749
嘉義縣,中埔鄉,438108
嘉義縣,中埔鄉,327973
嘉義縣,中埔鄉,454968
嘉義縣,中埔鄉,269775
嘉義縣,中埔鄉,313714
嘉義縣,中埔鄉,213487
嘉義縣,竹崎鄉,325989
嘉義縣,竹崎鄉,268374
嘉義縣,竹崎鄉,486812
嘉義縣,竹崎鄉,429504
嘉義縣,竹崎鄉,388003
嘉義縣,竹崎鄉,417932
嘉義縣,竹崎鄉,281487
嘉義縣,竹崎鄉,468021
嘉義縣,竹崎鄉,372880
嘉義縣,竹崎鄉,497299
嘉義縣,竹崎鄉,228276
嘉義縣,竹崎鄉,403121
嘉義縣,梅山鄉,402416
嘉義縣,梅山鄉,329241
嘉義縣,梅山鄉,401401
嘉義縣,梅山鄉,260929
嘉義縣,梅山鄉,278474
嘉義縣,梅山鄉,288915
嘉義縣,梅山鄉,428602
嘉義縣,番路鄉,486659
嘉義縣,番路鄉,343444
嘉義縣,番路鄉,347356
嘉義縣,番路鄉,423432
嘉義縣,大埔鄉,179569
嘉義縣,大埔鄉,131045
嘉義縣,阿里山鄉,544353
嘉義縣,阿里山鄉,282081
彰化縣,線西鄉,629690
彰化縣,彰化市,396993
彰化縣,彰化市,661855
彰化縣,彰化市,467819
彰化縣,彰化市,638756
彰化縣,彰化市,472339
彰化縣,彰化市,541638
彰化縣,彰化市,387109
彰化縣,彰化市,485325
彰化縣,彰化市,662982
彰化縣,彰化市,544834
彰化縣,彰化市,375652
彰化縣,彰化市,921760
彰化縣,彰化市,479882
彰化縣,彰化市,434190
彰化縣,彰化市,637384
彰化縣,彰化市,530937
彰化縣,彰化市,491357
彰化縣,彰化市,308829
彰化縣,彰化市,504768
彰化縣,彰化市,482320
彰化縣,彰化市,467366
彰化縣,彰化市,687141
彰化縣,彰化市,502543
彰化縣,彰化市,629692
彰化縣,彰化市,370285
彰化縣,彰化市,574069
彰化縣,彰化市,348464
彰化縣,彰化市,458872
彰化縣,彰化市,673504
彰化縣,彰化市,683432
彰化縣,彰化市,814456
彰化縣,彰化市,937777
彰化縣,彰化市,434484
彰化縣,彰化市,843641
彰化縣,彰化市,648352
彰化縣,彰化市,423084
彰化縣,彰化市,709797
彰化縣,彰化市,72820
彰化縣,鹿港鎮,477285
彰化縣,鹿港鎮,944998
彰化縣,鹿港鎮,642483
彰化縣,鹿港鎮,316343
彰化縣,鹿港鎮,690113
彰化縣,鹿港鎮,526736
彰化縣,鹿港鎮,809491
彰化縣,鹿港鎮,288379
彰化縣,鹿港鎮,564844
彰化縣,彰化市,495894
彰化縣,彰化市,533996
彰化縣,彰化市,511472
彰化縣,彰化市,748300
彰化縣,彰化市,808434
彰化縣,彰化市,498854
彰化縣,鹿港鎮,727881
彰化縣,鹿港鎮,527772
彰化縣,鹿港鎮,437631
彰化縣,鹿港鎮,494441
彰化縣,鹿港鎮,546641
彰化縣,鹿港鎮,443433
彰化縣,鹿港鎮,507427
彰化縣,鹿港鎮,378236
彰化縣,和美鎮,554142
彰化縣,和美鎮,716003
彰化縣,和美鎮,762108
彰化縣,和美鎮,556774
彰化縣,和美鎮,535932
彰化縣,和美鎮,847467
彰化縣,線西鄉,717025
彰化縣,線西鄉,467308
彰化縣,伸港鄉,526331
彰化縣,伸港鄉,416193
彰化縣,伸港鄉,654302
彰化縣,伸港鄉,614456
彰化縣,花壇鄉,566088
彰化縣,芬園鄉,267410
彰化縣,員林鎮,462583
彰化縣,員林鎮,913555
彰化縣,員林鎮,372916
彰化縣,員林鎮,753648
彰化縣,員林鎮,348567
彰化縣,埔心鄉,60445
彰化縣,埔心鄉,577725
彰化縣,埔心鄉,574254
彰化縣,埔心鄉,449801
彰化縣,永靖鄉,558000
彰化縣,永靖鄉,437131
彰化縣,永靖鄉,446921
彰化縣,社頭鄉,438119
彰化縣,社頭鄉,421765
彰化縣,社頭鄉,616790
彰化縣,二水鄉,52430
彰化縣,北斗鎮,545092
彰化縣,二林鎮,330433
彰化縣,二林鎮,576506
彰化縣,二林鎮,439309
彰化縣,二林鎮,356894
彰化縣,田尾鄉,301570
彰化縣,埤頭鄉,628377
彰化縣,芳苑鄉,820616
彰化縣,芳苑鄉,666190
彰化縣,大城鄉,53685
彰化縣,大城鄉,219181
彰化縣,溪州鄉,677377
彰化縣,溪州鄉,299281
彰化縣,溪州鄉,64285
彰化縣,永靖鄉,493753
彰化縣,永靖鄉,378038
彰化縣,永靖鄉,434080
彰化縣,社頭鄉,476455
彰化縣,社頭鄉,319687
彰化縣,社頭鄉,521710
彰化縣,二水鄉,323618
彰化縣,二水鄉,216578
彰化縣,二水鄉,388460
彰化縣,北斗鎮,558863
彰化縣,北斗鎮,965298
彰化縣,北斗鎮,618618
彰化縣,二林鎮,550589
彰化縣,二林鎮,557542
彰化縣,田尾鄉,488229
彰化縣,埔鹽鄉,490080
彰化縣,埔鹽鄉,424039
彰化縣,埔心鄉,484382
彰化縣,埔心鄉,498638
彰化縣,永靖鄉,547170
彰化縣,永靖鄉,262633
彰化縣,永靖鄉,445483
彰化縣,社頭鄉,342600
彰化縣,社頭鄉,502485
彰化縣,社頭鄉,653273
彰化縣,社頭鄉,299575
彰化縣,二水鄉,311686
彰化縣,北斗鎮,674393
彰化縣,北斗鎮,340093
彰化縣,北斗鎮,656177
彰化縣,二林鎮,526693
彰化縣,二林鎮,409375
彰化縣,二林鎮,354058
彰化縣,二林鎮,662921
彰化縣,二林鎮,513123
彰化縣,二林鎮,421161
彰化縣,芳苑鄉,259055
彰化縣,芳苑鄉,610886
彰化縣,芳苑鄉,427087
彰化縣,大城鄉,381488
彰化縣,竹塘鄉,51086
彰化縣,溪州鄉,381687
彰化縣,溪州鄉,362706
彰化縣,溪州鄉,242780
彰化縣,二林鎮,377544
彰化縣,田尾鄉,554229
彰化縣,田尾鄉,374066
彰化縣,埤頭鄉,508812
彰化縣,埤頭鄉,335345
彰化縣,埤頭鄉,477593
彰化縣,埤頭鄉,568801
彰化縣,埤頭鄉,421067
彰化縣,埤頭鄉,330084
彰化縣,芳苑鄉,537008
彰化縣,大城鄉,522495
彰化縣,大城鄉,354059
彰化縣,竹塘鄉,386199
彰化縣,竹塘鄉,391764
彰化縣,溪州鄉,453674
彰化縣,溪州鄉,403072
彰化縣,溪州鄉,317940
彰化縣,福興鄉,289201
彰化縣,福興鄉,529620
彰化縣,福興鄉,72163
彰化縣,秀水鄉,981639
彰化縣,秀水鄉,700891
彰化縣,秀水鄉,593758
彰化縣,秀水鄉,559042
彰化縣,秀水鄉,595407
彰化縣,秀水鄉,513958
彰化縣,花壇鄉,459122
彰化縣,花壇鄉,502893
彰化縣,花壇鄉,563350
彰化縣,花壇鄉,350295
彰化縣,花壇鄉,335802
彰化縣,芬園鄉,313838
彰化縣,芬園鄉,509354
彰化縣,芬園鄉,407653
彰化縣,芬園鄉,363064
彰化縣,員林鎮,373670
彰化縣,員林鎮,310298
彰化縣,員林鎮,439044
彰化縣,伸港鄉,414047
彰化縣,福興鄉,808482
彰化縣,福興鄉,590169
彰化縣,福興鄉,736668
彰化縣,福興鄉,579594
彰化縣,福興鄉,678053
彰化縣,福興鄉,526459
彰化縣,福興鄉,551775
彰化縣,秀水鄉,779159
彰化縣,秀水鄉,605618
彰化縣,花壇鄉,511813
彰化縣,花壇鄉,684492
彰化縣,花壇鄉,412492
彰化縣,花壇鄉,584510
彰化縣,芬園鄉,284506
彰化縣,芬園鄉,507847
彰化縣,員林鎮,288183
彰化縣,員林鎮,386662
彰化縣,員林鎮,790282
彰化縣,員林鎮,306453
彰化縣,員林鎮,419098
彰化縣,員林鎮,974490
彰化縣,員林鎮,545743
彰化縣,和美鎮,448484
彰化縣,和美鎮,630850
屏東縣,屏東市,566649
屏東縣,屏東市,441268
屏東縣,屏東市,507684
屏東縣,屏東市,276847
屏東縣,屏東市,497346
屏東縣,屏東市,523606
屏東縣,屏東市,447522
屏東縣,屏東市,446961
屏東縣,屏東市,318265
屏東縣,屏東市,462957
屏東縣,屏東市,58545
屏東縣,屏東市,67800
屏東縣,屏東市,524422
屏東縣,屏東市,56455
屏東縣,屏東市,351198
屏東縣,屏東市,649196
屏東縣,屏東市,522011
屏東縣,屏東市,118324
屏東縣,屏東市,449795
屏東縣,屏東市,549512
屏東縣,屏東市,581621
屏東縣,屏東市,90303
屏東縣,屏東市,610465
屏東縣,屏東市,609353
屏東縣,屏東市,389564
屏東縣,屏東市,391536
屏東縣,屏東市,322858
屏東縣,屏東市,563414
屏東縣,屏東市,735881
屏東縣,屏東市,372290
屏東縣,屏東市,77845
屏東縣,屏東市,293355
屏東縣,屏東市,400776
屏東縣,屏東市,164699
屏東縣,屏東市,242104
屏東縣,屏東市,568496
屏東縣,屏東市,153199
屏東縣,屏東市,405998
屏東縣,屏東市,594267
屏東縣,屏東市,53002
屏東縣,屏東市,274377
屏東縣,屏東市,77502
屏東縣,屏東市,697113
屏東縣,屏東市,303000
屏東縣,屏東市,83527
屏東縣,屏東市,290207
屏東縣,屏東市,360154
屏東縣,屏東市,347899
屏東縣,屏東市,310742
屏東縣,屏東市,997063
屏東縣,屏東市,637445
屏東縣,屏東市,1081148
屏東縣,屏東市,862340
屏東縣,屏東市,532987
屏東縣,屏東市,562757
屏東縣,屏東市,436765
屏東縣,屏東市,77670
屏東縣,屏東市,519172
屏東縣,屏東市,361112
屏東縣,屏東市,84079
屏東縣,屏東市,76866
屏東縣,屏東市,537827
屏東縣,屏東市,399476
屏東縣,屏東市,345480
屏東縣,屏東市,429727
屏東縣,屏東市,574127
屏東縣,屏東市,53033
屏東縣,屏東市,53414
屏東縣,屏東市,421568
屏東縣,屏東市,492267
屏東縣,屏東市,711650
屏東縣,屏東市,330063
屏東縣,屏東市,831449
屏東縣,屏東市,727106
屏東縣,屏東市,65141
屏東縣,屏東市,591274
屏東縣,屏東市,377308
屏東縣,屏東市,372929
屏東縣,屏東市,279870
屏東縣,屏東市,556448
屏東縣,屏東市,445383
屏東縣,屏東市,413470
屏東縣,屏東市,351716
屏東縣,屏東市,724731
屏東縣,屏東市,546948
屏東縣,屏東市,340986
屏東縣,屏東市,488049
屏東縣,屏東市,402328
屏東縣,屏東市,839101
屏東縣,潮州鎮,445951
屏東縣,潮州鎮,72510
屏東縣,潮州鎮,58115
屏東縣,潮州鎮,672066
屏東縣,潮州鎮,519566
屏東縣,潮州鎮,452223
屏東縣,潮州鎮,481006
屏東縣,潮州鎮,81808
屏東縣,潮州鎮,995254
屏東縣,潮州鎮,590144
屏東縣,潮州鎮,110305
屏東縣,潮州鎮,598441
屏東縣,潮州鎮,526997
屏東縣,潮州鎮,731512
屏東縣,潮州鎮,455184
屏東縣,潮州鎮,581987
屏東縣,潮州鎮,476684
屏東縣,潮州鎮,533659
屏東縣,潮州鎮,376362
屏東縣,潮州鎮,536871
屏東縣,潮州鎮,53395
屏東縣,潮州鎮,900193
屏東縣,潮州鎮,592206
屏東縣,東港鎮,546379
屏東縣,東港鎮,695845
屏東縣,東港鎮,553642
屏東縣,東港鎮,482567
屏東縣,東港鎮,532831
屏東縣,東港鎮,192625
屏東縣,東港鎮,690345
屏東縣,東港鎮,475228
屏東縣,東港鎮,666798
屏東縣,東港鎮,393960
屏東縣,東港鎮,254827
屏東縣,東港鎮,401017
屏東縣,東港鎮,323662
屏東縣,東港鎮,289249
屏東縣,東港鎮,436313
屏東縣,東港鎮,388535
屏東縣,東港鎮,52827
屏東縣,東港鎮,451852
屏東縣,東港鎮,1003894
屏東縣,東港鎮,97021
屏東縣,恆春鎮,420799
屏東縣,高樹鄉,468121
屏東縣,高樹鄉,473365
屏東縣,高樹鄉,55326
屏東縣,高樹鄉,143331
屏東縣,萬巒鄉,592688
屏東縣,萬巒鄉,384244
屏東縣,萬巒鄉,477543
屏東縣,萬巒鄉,485540
屏東縣,萬巒鄉,433484
屏東縣,萬巒鄉,457743
屏東縣,萬巒鄉,631676
屏東縣,內埔鄉,406923
屏東縣,內埔鄉,464088
屏東縣,內埔鄉,389829
屏東縣,內埔鄉,544398
屏東縣,內埔鄉,57221
屏東縣,內埔鄉,57626
屏東縣,內埔鄉,530959
屏東縣,內埔鄉,433708
屏東縣,內埔鄉,571067
屏東縣,內埔鄉,53652
屏東縣,內埔鄉,504473
屏東縣,內埔鄉,661593
屏東縣,內埔鄉,416832
屏東縣,內埔鄉,409082
屏東縣,內埔鄉,428048
屏東縣,內埔鄉,439678
屏東縣,內埔鄉,426965
屏東縣,內埔鄉,589694
屏東縣,內埔鄉,743079
屏東縣,內埔鄉,607256
屏東縣,內埔鄉,456400
屏東縣,內埔鄉,426606
屏東縣,竹田鄉,414531
屏東縣,竹田鄉,596503
屏東縣,竹田鄉,373250
屏東縣,竹田鄉,569785
屏東縣,竹田鄉,489579
屏東縣,竹田鄉,574721
屏東縣,新埤鄉,574228
屏東縣,新埤鄉,303875
屏東縣,新埤鄉,55770
屏東縣,新埤鄉,465291
花蓮縣,吉安鄉,589794
花蓮縣,吉安鄉,513812
花蓮縣,吉安鄉,382528
花蓮縣,吉安鄉,167956
花蓮縣,吉安鄉,607715
花蓮縣,吉安鄉,417558
花蓮縣,吉安鄉,336145
花蓮縣,吉安鄉,106888
花蓮縣,吉安鄉,625551
花蓮縣,壽豐鄉,565113
花蓮縣,壽豐鄉,57234
花蓮縣,壽豐鄉,861268
花蓮縣,壽豐鄉,294797
花蓮縣,壽豐鄉,441037
花蓮縣,壽豐鄉,275885
花蓮縣,壽豐鄉,376618
花蓮縣,壽豐鄉,171442
花蓮縣,光復鄉,345070
花蓮縣,光復鄉,311423
花蓮縣,光復鄉,140096
花蓮縣,光復鄉,194219
花蓮縣,光復鄉,51642
花蓮縣,光復鄉,224309
花蓮縣,光復鄉,160972
花蓮縣,光復鄉,65479
花蓮縣,豐濱鄉,266857
花蓮縣,豐濱鄉,144217
花蓮縣,豐濱鄉,94388
花蓮縣,瑞穗鄉,232746
花蓮縣,瑞穗鄉,111698
花蓮縣,瑞穗鄉,576620
花蓮縣,瑞穗鄉,380418
花蓮縣,瑞穗鄉,123267
花蓮縣,富里鄉,302720
彰化縣,和美鎮,485206
彰化縣,和美鎮,385577
彰化縣,和美鎮,403624
彰化縣,和美鎮,537984
彰化縣,和美鎮,641678
彰化縣,和美鎮,612000
彰化縣,和美鎮,449783
彰化縣,和美鎮,655489
彰化縣,線西鄉,621160
彰化縣,伸港鄉,381713
彰化縣,伸港鄉,373886
彰化縣,伸港鄉,481313
彰化縣,福興鄉,350129
彰化縣,福興鄉,482088
彰化縣,秀水鄉,432518
彰化縣,花壇鄉,502133
嘉義市,東區,535070
嘉義市,東區,275164
嘉義市,東區,348778
嘉義市,東區,431769
嘉義市,東區,391273
嘉義市,東區,624939
嘉義市,東區,239611
嘉義市,東區,387313
嘉義市,東區,588832
嘉義市,東區,476201
嘉義市,東區,373443
嘉義市,西區,238894
嘉義市,西區,526506
嘉義市,西區,430781
嘉義市,西區,374338
嘉義市,西區,605324
嘉義市,西區,1153674
嘉義市,西區,730061
嘉義市,西區,484957
嘉義市,西區,547554
嘉義市,西區,517524
嘉義市,西區,503177
嘉義市,西區,380276
嘉義市,東區,331791
嘉義市,東區,492038
嘉義市,東區,379519
嘉義市,東區,640088
嘉義市,東區,353087
嘉義市,東區,647515
嘉義市,東區,386934
嘉義市,東區,670328
嘉義市,東區,575887
嘉義市,東區,309582
嘉義市,東區,445170
嘉義市,東區,565504
嘉義市,東區,410861
嘉義市,東區,51078
嘉義市,東區,66796
嘉義市,西區,602540
嘉義市,西區,54892
嘉義市,西區,736556
嘉義市,西區,457462
嘉義市,西區,374689
嘉義市,西區,538372
嘉義市,西區,947157
嘉義市,西區,697817
嘉義市,西區,975363
嘉義市,東區,62809
嘉義市,東區,309452
嘉義市,東區,334658
嘉義市,東區,430548
嘉義市,東區,223389
嘉義市,東區,315419
嘉義市,東區,236860
嘉義市,東區,687736
嘉義市,東區,730455
嘉義市,東區,763701
嘉義市,東區,501662
嘉義市,東區,356059
嘉義市,東區,257967
嘉義市,東區,501513
嘉義市,西區,360070
嘉義市,西區,263526
嘉義市,西區,381297
嘉義市,西區,493782
嘉義市,西區,1112455
嘉義市,西區,504128
嘉義市,西區,587610
嘉義市,西區,530186
嘉義市,西區,354164
嘉義市,西區,522772
嘉義市,西區,245181
嘉義市,西區,416833
嘉義市,西區,527960
嘉義市,西區,652562
嘉義市,西區,681637
嘉義市,西區,819539
嘉義市,西區,646298
嘉義市,西區,487260
嘉義市,東區,51224
嘉義市,東區,757639
嘉義市,東區,550547
嘉義市,東區,481688
嘉義市,東區,861843
嘉義市,東區,293577
嘉義市,東區,697597
嘉義市,東區,371277
嘉義市,西區,293266
嘉義市,西區,775963
嘉義市,西區,1265774
嘉義市,西區,591529
嘉義市,西區,227905
嘉義市,西區,64471
嘉義市,西區,341625
嘉義市,西區,485511
嘉義市,西區,112707
嘉義市,西區,464126
嘉義市,西區,325572
嘉義市,西區,286812
嘉義市,西區,392178
新竹市,東區,758231
新竹市,東區,999330
新竹市,東區,445050
新竹市,東區,479787
新竹市,東區,537237
新竹市,東區,497727
新竹市,東區,1453561
新竹市,東區,535076
新竹市,東區,440075
新竹市,東區,368604
新竹市,東區,597842
新竹市,東區,3162552
新竹市,東區,457978
新竹市,北區,691651
新竹市,北區,538660
新竹市,北區,320774
新竹市,北區,365795
新竹市,北區,650401
新竹市,北區,481595
新竹市,北區,371393
新竹市,北區,427357
新竹市,北區,603332
新竹市,北區,355817
新竹市,北區,843795
新竹市,東區,643902
新竹市,東區,866311
新竹市,東區,403006
新竹市,東區,511427
新竹市,東區,384051
新竹市,東區,659861
新竹市,東區,465655
新竹市,東區,431745
新竹市,東區,646249
新竹市,東區,434604
新竹市,東區,817558
新竹市,東區,1246307
新竹市,東區,552402
新竹市,東區,432519
新竹市,北區,166435
新竹市,北區,418693
新竹市,北區,342042
新竹市,北區,425125
新竹市,北區,679404
新竹市,北區,1016489
新竹市,北區,975302
新竹市,北區,505162
新竹市,北區,622808
新竹市,東區,446962
新竹市,東區,608910
新竹市,東區,703111
新竹市,東區,592096
新竹市,東區,1405268
新竹市,東區,467237
新竹市,東區,443826
新竹市,東區,808511
新竹市,東區,81578
新竹市,東區,795763
新竹市,東區,369762
新竹市,東區,1204624
新竹市,東區,671893
新竹市,東區,65528
新竹市,東區,665501
新竹市,東區,78271
新竹市,東區,689581
新竹市,東區,403667
新竹市,東區,973927
新竹市,北區,411299
新竹市,北區,475055
新竹市,北區,448909
新竹市,北區,116877
新竹市,北區,510361
新竹市,北區,326698
新竹市,香山區,549057
新竹市,香山區,397161
新竹市,香山區,884318
新竹市,北區,348560
新竹市,北區,457214
新竹市,香山區,478179
新竹市,香山區,434444
新竹市,香山區,359565
新竹市,香山區,1171209
新竹市,香山區,575748
新竹市,香山區,405432
新竹市,香山區,453268
新竹市,香山區,415650
新竹市,北區,555168
新竹市,北區,499138
新竹市,北區,649545
新竹市,北區,372055
新竹市,香山區,361580
新竹市,香山區,342281
新竹市,香山區,446844
新竹市,香山區,708724
新竹市,香山區,878935
新竹市,香山區,52512
新竹市,香山區,728879
新竹市,香山區,913254
新竹市,香山區,468018
新竹市,東區,526325
新竹市,東區,638539
新竹市,東區,614648
新竹市,東區,1412368
新竹市,東區,595798
新竹市,東區,1257096
新竹市,東區,2145575
新竹市,東區,720668
新竹市,東區,400477
新竹市,東區,400298
新竹市,東區,593856
新竹市,東區,509201
新竹市,東區,923167
新竹市,東區,354754
新竹市,東區,596400
新竹市,東區,774201
新竹市,東區,365534
新竹市,東區,1146442
新竹市,東區,515828
新竹市,東區,470798
新竹市,東區,350228
新竹市,東區,1594228
新竹市,北區,565249
新竹市,北區,354955
新竹市,北區,340261
新竹市,北區,602888
新竹市,北區,299314
新竹市,北區,515839
新竹市,北區,391921
新竹市,北區,320170
新竹市,北區,560159
新竹市,北區,322692
新竹市,北區,227248
新竹市,北區,1015990
新竹市,北區,203538
新竹市,北區,795218
新竹市,北區,579125
新竹市,北區,849175
新竹市,北區,936208
新竹市,香山區,524215
新竹市,香山區,403751
新竹市,香山區,676883
新竹市,香山區,528528
新竹縣,竹北市,312033
新竹縣,竹北市,7963691
新竹縣,竹北市,461860
新竹縣,竹北市,507048
新竹縣,竹北市,674598
新竹縣,竹北市,503204
新竹縣,竹北市,1101850
新竹縣,竹北市,793402
新竹縣,竹北市,658422
新竹縣,竹北市,799319
新竹縣,竹北市,1010866
新竹縣,竹北市,1049922
新竹縣,竹東鎮,57773
新竹縣,竹東鎮,731860
新竹縣,竹東鎮,425085
新竹縣,竹東鎮,355326
新竹縣,竹東鎮,266749
新竹縣,竹東鎮,517443
新竹縣,竹東鎮,313856
新竹縣,竹東鎮,328270
新竹縣,新埔鎮,286797
新竹縣,新埔鎮,323155
新竹縣,關西鎮,378061
新竹縣,竹北市,368347
新竹縣,竹北市,470934
新竹縣,竹北市,531168
新竹縣,竹北市,345408
新竹縣,竹北市,330317
新竹縣,竹北市,500245
新竹縣,竹北市,434029
新竹縣,竹北市,206990
新竹縣,竹北市,210276
新竹縣,竹北市,652512
新竹縣,竹北市,772907
新竹縣,竹北市,709795
新竹縣,竹北市,1802290
新竹縣,竹東鎮,425749
新竹縣,竹東鎮,430094
新竹縣,竹東鎮,397431
新竹縣,竹東鎮,460381
新竹縣,竹東鎮,476306
新竹縣,竹東鎮,414291
新竹縣,竹東鎮,354366
新竹縣,竹東鎮,769755
新竹縣,竹東鎮,267400
新竹縣,竹東鎮,342856
新竹縣,竹北市,55576
新竹縣,竹北市,329615
新竹縣,竹北市,1316136
新竹縣,竹北市,303847
新竹縣,竹北市,548773
新竹縣,竹北市,799638
新竹縣,竹北市,790680
新竹縣,竹北市,444791
新竹縣,竹北市,377155
新竹縣,竹北市,1352620
新竹縣,竹北市,2099744
新竹縣,竹北市,2173639
新竹縣,竹北市,499625
新竹縣,竹東鎮,284066
新竹縣,竹東鎮,106358
新竹縣,竹東鎮,396249
新竹縣,竹東鎮,764635
新竹縣,竹東鎮,286492
新竹縣,竹東鎮,512236
新竹縣,竹東鎮,412638
新竹縣,竹東鎮,61784
新竹縣,竹東鎮,371234
新竹縣,新埔鎮,395533
新竹縣,竹北市,544360
新竹縣,竹北市,433185
新竹縣,竹北市,365099
新竹縣,竹北市,525937
新竹縣,竹北市,575080
新竹縣,竹北市,412321
新竹縣,竹北市,678905
新竹縣,竹北市,856285
新竹縣,竹北市,718839
新竹縣,竹北市,912032
新竹縣,竹北市,1071144
新竹縣,竹北市,910627
新竹縣,竹北市,810293
新竹縣,竹北市,56712
新竹縣,竹東鎮,52004
新竹縣,竹東鎮,529484
新竹縣,竹東鎮,391634
新竹縣,竹東鎮,375585
新竹縣,竹東鎮,227489
新竹縣,竹東鎮,487752
新竹縣,竹東鎮,318298
新竹縣,竹東鎮,400715
新竹縣,新埔鎮,329007
新竹縣,新埔鎮,496609
新竹縣,關西鎮,297464
新竹縣,關西鎮,354210
新竹縣,關西鎮,310258
新竹縣,關西鎮,475880
新竹縣,關西鎮,323871
新竹縣,湖口鄉,339236
新竹縣,湖口鄉,406032
新竹縣,湖口鄉,578511
新竹縣,湖口鄉,736542
新竹縣,湖口鄉,1052777
新竹縣,湖口鄉,531090
新竹縣,新豐鄉,349365
新竹縣,新豐鄉,344214
新竹縣,新豐鄉,1301379
新竹縣,新豐鄉,108707
新竹縣,芎林鄉,360134
新竹縣,芎林鄉,53282
新竹縣,橫山鄉,339925
新竹縣,橫山鄉,55814
新竹縣,北埔鄉,353548
新竹縣,寶山鄉,367602
新竹縣,峨眉鄉,59987
新竹縣,新埔鎮,307144
新竹縣,新埔鎮,673784
新竹縣,關西鎮,54806
新竹縣,關西鎮,236369
新竹縣,關西鎮,263232
新竹縣,湖口鄉,300815
新竹縣,湖口鄉,346925
新竹縣,湖口鄉,441408
新竹縣,湖口鄉,55362
新竹縣,湖口鄉,1151528
新竹縣,新豐鄉,465181
新竹縣,新豐鄉,397971
新竹縣,新豐鄉,1121760
新竹縣,新豐鄉,779611
新竹縣,芎林鄉,457631
新竹縣,芎林鄉,54591
新竹縣,橫山鄉,316614
新竹縣,北埔鄉,290079
新竹縣,寶山鄉,2026233
新竹縣,寶山鄉,407273
新竹縣,寶山鄉,584577
新竹縣,寶山鄉,340290
新竹縣,新埔鎮,117154
新竹縣,新埔鎮,281975
新竹縣,新埔鎮,520464
新竹縣,關西鎮,288655
新竹縣,關西鎮,303896
新竹縣,湖口鄉,576253
新竹縣,湖口鄉,344897
新竹縣,湖口鄉,640050
新竹縣,湖口鄉,57258
新竹縣,湖口鄉,213046
新竹縣,湖口鄉,652249
新竹縣,湖口鄉,438210
新竹縣,湖口鄉,451430
新竹縣,湖口鄉,99239
新竹縣,新豐鄉,226338
新竹縣,新豐鄉,391731
新竹縣,新豐鄉,477047
新竹縣,新豐鄉,461587
新竹縣,新豐鄉,650055
新竹縣,芎林鄉,449329
新竹縣,芎林鄉,354162
新竹縣,芎林鄉,347086
新竹縣,橫山鄉,284452
新竹縣,尖石鄉,149335
新竹縣,五峰鄉,185962
新竹縣,新埔鎮,63558
新竹縣,新埔鎮,269149
新竹縣,新埔鎮,367109
新竹縣,關西鎮,433214
新竹縣,湖口鄉,116237
新竹縣,湖口鄉,422598
新竹縣,湖口鄉,64517
新竹縣,湖口鄉,566541
新竹縣,湖口鄉,345569
新竹縣,湖口鄉,574969
新竹縣,湖口鄉,746837
新竹縣,湖口鄉,736854
新竹縣,新豐鄉,299342
新竹縣,新豐鄉,95052
新竹縣,新豐鄉,472508
新竹縣,新豐鄉,330195
新竹縣,新豐鄉,415870
新竹縣,新豐鄉,612779
新竹縣,新豐鄉,305375
新竹縣,芎林鄉,617549
新竹縣,芎林鄉,378056
新竹縣,峨眉鄉,306800
新竹縣,峨眉鄉,302714
新竹縣,尖石鄉,63148
新竹縣,橫山鄉,305360
新竹縣,橫山鄉,351076
新竹縣,北埔鄉,231623
新竹縣,北埔鄉,340343
新竹縣,尖石鄉,241244
新竹縣,尖石鄉,188686
新竹縣,五峰鄉,121291
屏東縣,恆春鎮,501564
屏東縣,恆春鎮,862642
屏東縣,恆春鎮,650129
屏東縣,恆春鎮,743590
屏東縣,恆春鎮,688683
屏東縣,恆春鎮,687458
屏東縣,恆春鎮,582264
屏東縣,恆春鎮,746627
屏東縣,恆春鎮,1404025
屏東縣,萬丹鄉,514349
屏東縣,萬丹鄉,456422
屏東縣,萬丹鄉,857629
屏東縣,萬丹鄉,683339
屏東縣,萬丹鄉,1218432
屏東縣,萬丹鄉,989525
屏東縣,萬丹鄉,473565
屏東縣,萬丹鄉,323913
屏東縣,萬丹鄉,648366
屏東縣,萬丹鄉,61552
屏東縣,萬丹鄉,624089
屏東縣,萬丹鄉,555657
屏東縣,萬丹鄉,628400
屏東縣,萬丹鄉,301693
屏東縣,萬丹鄉,506807
屏東縣,萬丹鄉,462306
屏東縣,萬丹鄉,438491
屏東縣,萬丹鄉,540946
屏東縣,萬丹鄉,51097
屏東縣,長治鄉,916274
屏東縣,長治鄉,528930
屏東縣,長治鄉,488756
屏東縣,長治鄉,386966
屏東縣,長治鄉,476339
屏東縣,長治鄉,584441
屏東縣,長治鄉,815792
屏東縣,長治鄉,466076
屏東縣,長治鄉,471205
屏東縣,長治鄉,470372
屏東縣,麟洛鄉,390926
屏東縣,麟洛鄉,650642
屏東縣,麟洛鄉,55942
屏東縣,麟洛鄉,565184
屏東縣,麟洛鄉,382838
屏東縣,九如鄉,371052
屏東縣,九如鄉,755447
屏東縣,九如鄉,828540
花蓮縣,富里鄉,51245
花蓮縣,富里鄉,53666
花蓮縣,富里鄉,298976
花蓮縣,富里鄉,68853
花蓮縣,富里鄉,51756
花蓮縣,富里鄉,103084
花蓮縣,富里鄉,321063
花蓮縣,秀林鄉,397695
花蓮縣,秀林鄉,64229
花蓮縣,秀林鄉,313665
花蓮縣,秀林鄉,265873
花蓮縣,秀林鄉,289897
花蓮縣,秀林鄉,221963
花蓮縣,萬榮鄉,117824
花蓮縣,萬榮鄉,137654
花蓮縣,萬榮鄉,164347
花蓮縣,卓溪鄉,134965
花蓮縣,卓溪鄉,62088
花蓮縣,卓溪鄉,56433
花蓮縣,卓溪鄉,213307
屏東縣,九如鄉,621000
屏東縣,九如鄉,632737
屏東縣,九如鄉,334871
屏東縣,九如鄉,118801
屏東縣,九如鄉,560575
屏東縣,九如鄉,887964
屏東縣,里港鄉,703738
屏東縣,里港鄉,1208641
屏東縣,里港鄉,233539
屏東縣,里港鄉,315803
屏東縣,里港鄉,413487
屏東縣,里港鄉,541141
屏東縣,里港鄉,459145
屏東縣,里港鄉,370244
屏東縣,里港鄉,801349
屏東縣,里港鄉,1202585
屏東縣,里港鄉,136930
屏東縣,鹽埔鄉,1156162
屏東縣,鹽埔鄉,341341
屏東縣,鹽埔鄉,367552
屏東縣,鹽埔鄉,1163488
屏東縣,鹽埔鄉,302830
屏東縣,鹽埔鄉,899755
屏東縣,鹽埔鄉,331338
屏東縣,鹽埔鄉,505779
屏東縣,鹽埔鄉,384938
屏東縣,高樹鄉,313088
屏東縣,高樹鄉,52192
=======
嘉義縣,太保市,250867
嘉義縣,太保市,497905
嘉義縣,太保市,574972
嘉義縣,太保市,544276
嘉義縣,太保市,450711
嘉義縣,太保市,411787
嘉義縣,太保市,532125
嘉義縣,太保市,473482
嘉義縣,太保市,462113
嘉義縣,太保市,372415
嘉義縣,太保市,863022
嘉義縣,太保市,537936
嘉義縣,朴子市,314362
嘉義縣,朴子市,230774
嘉義縣,朴子市,304387
嘉義縣,朴子市,637429
嘉義縣,朴子市,329454
嘉義縣,朴子市,623724
嘉義縣,朴子市,546691
嘉義縣,朴子市,376374
嘉義縣,朴子市,584340
嘉義縣,朴子市,375404
嘉義縣,朴子市,336614
嘉義縣,朴子市,409627
嘉義縣,朴子市,392826
嘉義縣,朴子市,673694
嘉義縣,朴子市,312081
嘉義縣,布袋鎮,215893
嘉義縣,布袋鎮,347713
嘉義縣,布袋鎮,505864
嘉義縣,布袋鎮,472751
嘉義縣,布袋鎮,226816
嘉義縣,布袋鎮,333000
嘉義縣,布袋鎮,393092
嘉義縣,布袋鎮,347615
嘉義縣,布袋鎮,385825
嘉義縣,布袋鎮,59302
嘉義縣,布袋鎮,536370
嘉義縣,布袋鎮,230373
嘉義縣,大林鎮,59635
嘉義縣,大林鎮,309281
嘉義縣,大林鎮,360288
嘉義縣,大林鎮,406669
嘉義縣,大林鎮,611904
嘉義縣,大林鎮,371694
嘉義縣,大林鎮,404549
嘉義縣,大林鎮,443863
嘉義縣,大林鎮,379782
嘉義縣,大林鎮,728826
嘉義縣,大林鎮,347903
嘉義縣,大林鎮,444324
嘉義縣,民雄鄉,490012
嘉義縣,民雄鄉,438988
嘉義縣,民雄鄉,1308210
嘉義縣,民雄鄉,637272
嘉義縣,民雄鄉,645847
嘉義縣,民雄鄉,562365
嘉義縣,民雄鄉,547570
嘉義縣,民雄鄉,474278
嘉義縣,民雄鄉,556520
嘉義縣,民雄鄉,454572
嘉義縣,民雄鄉,372506
嘉義縣,民雄鄉,747588
嘉義縣,民雄鄉,378368
嘉義縣,民雄鄉,618958
嘉義縣,民雄鄉,295976
嘉義縣,民雄鄉,315802
嘉義縣,民雄鄉,400398
嘉義縣,民雄鄉,533957
嘉義縣,民雄鄉,430908
嘉義縣,民雄鄉,463482
嘉義縣,民雄鄉,302830
嘉義縣,民雄鄉,307012
嘉義縣,民雄鄉,502393
嘉義縣,民雄鄉,575862
嘉義縣,溪口鄉,276423
嘉義縣,溪口鄉,58817
嘉義縣,溪口鄉,323820
嘉義縣,溪口鄉,405447
嘉義縣,溪口鄉,414330
嘉義縣,溪口鄉,367544
嘉義縣,溪口鄉,580391
嘉義縣,新港鄉,305329
嘉義縣,新港鄉,495425
嘉義縣,新港鄉,263545
嘉義縣,新港鄉,498954
嘉義縣,新港鄉,413262
嘉義縣,新港鄉,441195
嘉義縣,新港鄉,636642
嘉義縣,新港鄉,338689
嘉義縣,新港鄉,291403
嘉義縣,新港鄉,528538
嘉義縣,新港鄉,432834
嘉義縣,六腳鄉,416006
嘉義縣,六腳鄉,464984
嘉義縣,六腳鄉,58966
嘉義縣,六腳鄉,311831
嘉義縣,六腳鄉,325889
嘉義縣,六腳鄉,273175
嘉義縣,六腳鄉,324224
嘉義縣,六腳鄉,405602
嘉義縣,六腳鄉,276876
嘉義縣,六腳鄉,407414
嘉義縣,東石鄉,204450
嘉義縣,東石鄉,178035
嘉義縣,東石鄉,190208
嘉義縣,東石鄉,249457
嘉義縣,東石鄉,291030
嘉義縣,東石鄉,289867
嘉義縣,東石鄉,279866
嘉義縣,東石鄉,166607
嘉義縣,東石鄉,64034
嘉義縣,東石鄉,309607
嘉義縣,東石鄉,320223
嘉義縣,東石鄉,355452
嘉義縣,義竹鄉,250631
嘉義縣,義竹鄉,396811
嘉義縣,義竹鄉,293584
嘉義縣,義竹鄉,296221
嘉義縣,義竹鄉,354315
嘉義縣,義竹鄉,63922
嘉義縣,義竹鄉,456862
嘉義縣,義竹鄉,187085
嘉義縣,鹿草鄉,325517
嘉義縣,鹿草鄉,371481
嘉義縣,鹿草鄉,322150
嘉義縣,鹿草鄉,262294
嘉義縣,鹿草鄉,296018
嘉義縣,鹿草鄉,58986
嘉義縣,鹿草鄉,266273
嘉義縣,水上鄉,472649
嘉義縣,水上鄉,670777
嘉義縣,水上鄉,395228
嘉義縣,水上鄉,446975
嘉義縣,水上鄉,452712
嘉義縣,水上鄉,322969
嘉義縣,水上鄉,695860
嘉義縣,水上鄉,583898
嘉義縣,水上鄉,410850
嘉義縣,水上鄉,371041
嘉義縣,水上鄉,487728
嘉義縣,水上鄉,453981
嘉義縣,水上鄉,520618
嘉義縣,水上鄉,471948
嘉義縣,水上鄉,384682
嘉義縣,水上鄉,274145
嘉義縣,水上鄉,358482
嘉義縣,中埔鄉,411247
嘉義縣,中埔鄉,556335
嘉義縣,中埔鄉,560483
嘉義縣,中埔鄉,504101
嘉義縣,中埔鄉,598678
嘉義縣,中埔鄉,445150
嘉義縣,中埔鄉,495420
嘉義縣,中埔鄉,454744
嘉義縣,中埔鄉,512154
嘉義縣,中埔鄉,438058
嘉義縣,中埔鄉,326122
嘉義縣,中埔鄉,449067
嘉義縣,中埔鄉,267718
嘉義縣,中埔鄉,315027
嘉義縣,中埔鄉,211237
嘉義縣,竹崎鄉,326316
嘉義縣,竹崎鄉,267417
嘉義縣,竹崎鄉,478707
嘉義縣,竹崎鄉,426176
嘉義縣,竹崎鄉,383295
嘉義縣,竹崎鄉,418090
嘉義縣,竹崎鄉,280769
嘉義縣,竹崎鄉,468101
嘉義縣,竹崎鄉,373784
嘉義縣,竹崎鄉,487050
嘉義縣,竹崎鄉,226215
嘉義縣,竹崎鄉,398723
嘉義縣,梅山鄉,402452
嘉義縣,梅山鄉,330382
嘉義縣,梅山鄉,402234
嘉義縣,梅山鄉,259373
嘉義縣,梅山鄉,286643
嘉義縣,梅山鄉,289278
嘉義縣,梅山鄉,426124
嘉義縣,番路鄉,475996
嘉義縣,番路鄉,342064
嘉義縣,番路鄉,348896
嘉義縣,番路鄉,421120
嘉義縣,大埔鄉,177517
嘉義縣,大埔鄉,129792
嘉義縣,阿里山鄉,536625
嘉義縣,阿里山鄉,283800
彰化縣,線西鄉,634842
彰化縣,彰化市,395101
彰化縣,彰化市,650264
彰化縣,彰化市,461546
彰化縣,彰化市,624848
彰化縣,彰化市,463335
彰化縣,彰化市,536508
彰化縣,彰化市,384289
彰化縣,彰化市,476755
彰化縣,彰化市,650520
彰化縣,彰化市,532671
彰化縣,彰化市,374529
彰化縣,彰化市,895243
彰化縣,彰化市,470886
彰化縣,彰化市,430518
彰化縣,彰化市,624198
彰化縣,彰化市,525039
彰化縣,彰化市,482194
彰化縣,彰化市,307049
彰化縣,彰化市,494669
彰化縣,彰化市,474665
彰化縣,彰化市,459998
彰化縣,彰化市,668978
彰化縣,彰化市,496216
彰化縣,彰化市,638530
彰化縣,彰化市,367320
彰化縣,彰化市,554609
彰化縣,彰化市,348642
彰化縣,彰化市,453882
彰化縣,彰化市,664531
彰化縣,彰化市,673540
彰化縣,彰化市,783832
彰化縣,彰化市,911605
彰化縣,彰化市,428039
彰化縣,彰化市,834872
彰化縣,彰化市,635205
彰化縣,彰化市,422575
彰化縣,彰化市,687406
彰化縣,彰化市,74891
彰化縣,鹿港鎮,463164
彰化縣,鹿港鎮,924666
彰化縣,鹿港鎮,637728
彰化縣,鹿港鎮,314355
彰化縣,鹿港鎮,675225
彰化縣,鹿港鎮,520623
彰化縣,鹿港鎮,784391
彰化縣,鹿港鎮,286608
彰化縣,鹿港鎮,552248
彰化縣,彰化市,490176
彰化縣,彰化市,519107
彰化縣,彰化市,502054
彰化縣,彰化市,721059
彰化縣,彰化市,772504
彰化縣,彰化市,492210
彰化縣,鹿港鎮,709707
彰化縣,鹿港鎮,530546
彰化縣,鹿港鎮,437826
彰化縣,鹿港鎮,495610
彰化縣,鹿港鎮,546269
彰化縣,鹿港鎮,442040
彰化縣,鹿港鎮,499983
彰化縣,鹿港鎮,376160
彰化縣,和美鎮,536166
彰化縣,和美鎮,689503
彰化縣,和美鎮,717940
彰化縣,和美鎮,534510
彰化縣,和美鎮,537657
彰化縣,和美鎮,790774
彰化縣,線西鄉,722186
彰化縣,線西鄉,476730
彰化縣,伸港鄉,515609
彰化縣,伸港鄉,413207
彰化縣,伸港鄉,643508
彰化縣,伸港鄉,606600
彰化縣,花壇鄉,554515
彰化縣,芬園鄉,264934
彰化縣,員林鎮,455559
彰化縣,員林鎮,885406
彰化縣,員林鎮,373273
彰化縣,員林鎮,728252
彰化縣,員林鎮,343840
彰化縣,埔心鄉,63215
彰化縣,埔心鄉,567921
彰化縣,埔心鄉,556669
彰化縣,埔心鄉,436264
彰化縣,永靖鄉,544605
彰化縣,永靖鄉,429655
彰化縣,永靖鄉,439071
彰化縣,社頭鄉,431828
彰化縣,社頭鄉,420122
彰化縣,社頭鄉,603124
彰化縣,二水鄉,58919
彰化縣,北斗鎮,532511
彰化縣,二林鎮,333280
彰化縣,二林鎮,565388
彰化縣,二林鎮,435848
彰化縣,二林鎮,351821
彰化縣,田尾鄉,301154
彰化縣,埤頭鄉,613392
彰化縣,芳苑鄉,779578
彰化縣,芳苑鄉,645250
彰化縣,大城鄉,59070
彰化縣,大城鄉,215181
彰化縣,溪州鄉,664440
彰化縣,溪州鄉,298583
彰化縣,溪州鄉,67059
彰化縣,永靖鄉,487508
彰化縣,永靖鄉,376463
彰化縣,永靖鄉,432019
彰化縣,社頭鄉,466719
彰化縣,社頭鄉,318894
彰化縣,社頭鄉,512091
彰化縣,二水鄉,329558
彰化縣,二水鄉,213000
彰化縣,二水鄉,380116
彰化縣,北斗鎮,540853
彰化縣,北斗鎮,929707
彰化縣,北斗鎮,611454
彰化縣,二林鎮,550789
彰化縣,二林鎮,563683
彰化縣,田尾鄉,484972
彰化縣,埔鹽鄉,492824
彰化縣,埔鹽鄉,440514
彰化縣,埔心鄉,476116
彰化縣,埔心鄉,488029
彰化縣,永靖鄉,536056
彰化縣,永靖鄉,260343
彰化縣,永靖鄉,446442
彰化縣,社頭鄉,347232
彰化縣,社頭鄉,501112
彰化縣,社頭鄉,634246
彰化縣,社頭鄉,298746
彰化縣,二水鄉,310043
彰化縣,北斗鎮,655220
彰化縣,北斗鎮,338317
彰化縣,北斗鎮,632072
彰化縣,二林鎮,519309
彰化縣,二林鎮,406319
彰化縣,二林鎮,354684
彰化縣,二林鎮,652548
彰化縣,二林鎮,509012
彰化縣,二林鎮,413575
彰化縣,芳苑鄉,254518
彰化縣,芳苑鄉,611129
彰化縣,芳苑鄉,428751
彰化縣,大城鄉,378838
彰化縣,竹塘鄉,58726
彰化縣,溪州鄉,380702
彰化縣,溪州鄉,361451
彰化縣,溪州鄉,242168
彰化縣,二林鎮,371935
彰化縣,田尾鄉,551535
彰化縣,田尾鄉,376230
彰化縣,埤頭鄉,502417
彰化縣,埤頭鄉,335598
彰化縣,埤頭鄉,470975
彰化縣,埤頭鄉,555990
彰化縣,埤頭鄉,414656
彰化縣,埤頭鄉,328231
彰化縣,芳苑鄉,519186
彰化縣,大城鄉,515165
彰化縣,大城鄉,354435
彰化縣,竹塘鄉,388527
彰化縣,竹塘鄉,386335
彰化縣,溪州鄉,449415
彰化縣,溪州鄉,401156
彰化縣,溪州鄉,318387
彰化縣,福興鄉,285174
彰化縣,福興鄉,513778
彰化縣,福興鄉,73704
彰化縣,秀水鄉,969238
彰化縣,秀水鄉,677953
彰化縣,秀水鄉,585904
彰化縣,秀水鄉,551729
彰化縣,秀水鄉,582897
彰化縣,秀水鄉,503810
彰化縣,花壇鄉,450749
彰化縣,花壇鄉,495116
彰化縣,花壇鄉,549810
彰化縣,花壇鄉,349227
彰化縣,花壇鄉,334551
彰化縣,芬園鄉,312564
彰化縣,芬園鄉,502950
彰化縣,芬園鄉,403896
彰化縣,芬園鄉,362040
彰化縣,員林鎮,376208
彰化縣,員林鎮,310430
彰化縣,員林鎮,432574
彰化縣,伸港鄉,411996
彰化縣,福興鄉,788478
彰化縣,福興鄉,571019
彰化縣,福興鄉,719086
彰化縣,福興鄉,567020
彰化縣,福興鄉,647198
彰化縣,福興鄉,518489
彰化縣,福興鄉,539264
彰化縣,秀水鄉,759395
彰化縣,秀水鄉,590871
彰化縣,花壇鄉,504661
彰化縣,花壇鄉,667614
彰化縣,花壇鄉,408597
彰化縣,花壇鄉,571407
彰化縣,芬園鄉,283753
彰化縣,芬園鄉,501379
彰化縣,員林鎮,286540
彰化縣,員林鎮,381502
彰化縣,員林鎮,769117
彰化縣,員林鎮,307041
彰化縣,員林鎮,412867
彰化縣,員林鎮,932850
彰化縣,員林鎮,527359
彰化縣,和美鎮,455724
彰化縣,和美鎮,619206
屏東縣,屏東市,559966
屏東縣,屏東市,435595
屏東縣,屏東市,497768
屏東縣,屏東市,274097
屏東縣,屏東市,492058
屏東縣,屏東市,511966
屏東縣,屏東市,444767
屏東縣,屏東市,442787
屏東縣,屏東市,317449
屏東縣,屏東市,456922
屏東縣,屏東市,61693
屏東縣,屏東市,70316
屏東縣,屏東市,520002
屏東縣,屏東市,59976
屏東縣,屏東市,346361
屏東縣,屏東市,635138
屏東縣,屏東市,517469
屏東縣,屏東市,117314
屏東縣,屏東市,444539
屏東縣,屏東市,546574
屏東縣,屏東市,573128
屏東縣,屏東市,90962
屏東縣,屏東市,597800
屏東縣,屏東市,598495
屏東縣,屏東市,389795
屏東縣,屏東市,388554
屏東縣,屏東市,322251
屏東縣,屏東市,555893
屏東縣,屏東市,731736
屏東縣,屏東市,370988
屏東縣,屏東市,79089
屏東縣,屏東市,291627
屏東縣,屏東市,407425
屏東縣,屏東市,159188
屏東縣,屏東市,240946
屏東縣,屏東市,557190
屏東縣,屏東市,149694
屏東縣,屏東市,400945
屏東縣,屏東市,590695
屏東縣,屏東市,58963
屏東縣,屏東市,273122
屏東縣,屏東市,78913
屏東縣,屏東市,698308
屏東縣,屏東市,303376
屏東縣,屏東市,83985
屏東縣,屏東市,290663
屏東縣,屏東市,357262
屏東縣,屏東市,351146
屏東縣,屏東市,310244
屏東縣,屏東市,982295
屏東縣,屏東市,627769
屏東縣,屏東市,1048750
屏東縣,屏東市,853362
屏東縣,屏東市,532771
屏東縣,屏東市,549364
屏東縣,屏東市,432834
屏東縣,屏東市,78744
屏東縣,屏東市,515237
屏東縣,屏東市,360667
屏東縣,屏東市,84776
屏東縣,屏東市,78489
屏東縣,屏東市,532291
屏東縣,屏東市,398100
屏東縣,屏東市,350774
屏東縣,屏東市,426901
屏東縣,屏東市,565463
屏東縣,屏東市,58953
屏東縣,屏東市,58967
屏東縣,屏東市,418863
屏東縣,屏東市,486726
屏東縣,屏東市,697032
屏東縣,屏東市,328802
屏東縣,屏東市,810401
屏東縣,屏東市,711250
屏東縣,屏東市,67957
屏東縣,屏東市,586755
屏東縣,屏東市,377264
屏東縣,屏東市,372916
屏東縣,屏東市,279687
屏東縣,屏東市,547412
屏東縣,屏東市,441605
屏東縣,屏東市,413402
屏東縣,屏東市,351884
屏東縣,屏東市,700465
屏東縣,屏東市,544837
屏東縣,屏東市,344067
屏東縣,屏東市,486317
屏東縣,屏東市,403438
屏東縣,屏東市,817903
屏東縣,潮州鎮,441161
屏東縣,潮州鎮,74569
屏東縣,潮州鎮,61369
屏東縣,潮州鎮,652246
屏東縣,潮州鎮,515983
屏東縣,潮州鎮,446595
屏東縣,潮州鎮,476208
屏東縣,潮州鎮,82539
屏東縣,潮州鎮,953336
屏東縣,潮州鎮,582060
屏東縣,潮州鎮,109625
屏東縣,潮州鎮,610100
屏東縣,潮州鎮,518330
屏東縣,潮州鎮,711070
屏東縣,潮州鎮,452003
屏東縣,潮州鎮,579293
屏東縣,潮州鎮,472537
屏東縣,潮州鎮,531380
屏東縣,潮州鎮,380600
屏東縣,潮州鎮,527020
屏東縣,潮州鎮,59034
屏東縣,潮州鎮,868221
屏東縣,潮州鎮,582195
屏東縣,東港鎮,543490
屏東縣,東港鎮,691191
屏東縣,東港鎮,550578
屏東縣,東港鎮,486600
屏東縣,東港鎮,530749
屏東縣,東港鎮,190533
屏東縣,東港鎮,672886
屏東縣,東港鎮,473478
屏東縣,東港鎮,652932
屏東縣,東港鎮,391773
屏東縣,東港鎮,251596
屏東縣,東港鎮,404890
屏東縣,東港鎮,323863
屏東縣,東港鎮,288579
屏東縣,東港鎮,432885
屏東縣,東港鎮,393232
屏東縣,東港鎮,58942
屏東縣,東港鎮,457400
屏東縣,東港鎮,983345
屏東縣,東港鎮,98227
屏東縣,恆春鎮,418988
屏東縣,高樹鄉,463495
屏東縣,高樹鄉,463490
屏東縣,高樹鄉,59369
屏東縣,高樹鄉,140500
屏東縣,萬巒鄉,581170
屏東縣,萬巒鄉,384005
屏東縣,萬巒鄉,468263
屏東縣,萬巒鄉,490414
屏東縣,萬巒鄉,436869
屏東縣,萬巒鄉,449896
屏東縣,萬巒鄉,616611
屏東縣,內埔鄉,404924
屏東縣,內埔鄉,459172
屏東縣,內埔鄉,389566
屏東縣,內埔鄉,535764
屏東縣,內埔鄉,60556
屏東縣,內埔鄉,60910
屏東縣,內埔鄉,524521
屏東縣,內埔鄉,431145
屏東縣,內埔鄉,571099
屏東縣,內埔鄉,58910
屏東縣,內埔鄉,498505
屏東縣,內埔鄉,664569
屏東縣,內埔鄉,417790
屏東縣,內埔鄉,405812
屏東縣,內埔鄉,426947
屏東縣,內埔鄉,437393
屏東縣,內埔鄉,421153
屏東縣,內埔鄉,582151
屏東縣,內埔鄉,732053
屏東縣,內埔鄉,596749
屏東縣,內埔鄉,454886
屏東縣,內埔鄉,424198
屏東縣,竹田鄉,410589
屏東縣,竹田鄉,581424
屏東縣,竹田鄉,368380
屏東縣,竹田鄉,552042
屏東縣,竹田鄉,477802
屏東縣,竹田鄉,584966
屏東縣,新埤鄉,554174
屏東縣,新埤鄉,307268
屏東縣,新埤鄉,59618
屏東縣,新埤鄉,471074
花蓮縣,吉安鄉,575433
花蓮縣,吉安鄉,501266
花蓮縣,吉安鄉,379924
花蓮縣,吉安鄉,163454
花蓮縣,吉安鄉,594020
花蓮縣,吉安鄉,411114
花蓮縣,吉安鄉,335614
花蓮縣,吉安鄉,105798
花蓮縣,吉安鄉,609700
花蓮縣,壽豐鄉,555058
花蓮縣,壽豐鄉,60454
花蓮縣,壽豐鄉,847401
花蓮縣,壽豐鄉,292029
花蓮縣,壽豐鄉,431323
花蓮縣,壽豐鄉,272342
花蓮縣,壽豐鄉,374467
花蓮縣,壽豐鄉,168622
花蓮縣,光復鄉,344439
花蓮縣,光復鄉,309714
花蓮縣,光復鄉,137543
花蓮縣,光復鄉,188300
花蓮縣,光復鄉,58756
花蓮縣,光復鄉,217533
花蓮縣,光復鄉,155201
花蓮縣,光復鄉,67968
花蓮縣,豐濱鄉,264984
花蓮縣,豐濱鄉,140460
花蓮縣,豐濱鄉,94801
花蓮縣,瑞穗鄉,229004
花蓮縣,瑞穗鄉,110655
花蓮縣,瑞穗鄉,562518
花蓮縣,瑞穗鄉,377021
花蓮縣,瑞穗鄉,122032
花蓮縣,富里鄉,300481
彰化縣,和美鎮,497445
彰化縣,和美鎮,377630
彰化縣,和美鎮,395571
彰化縣,和美鎮,543732
彰化縣,和美鎮,618454
彰化縣,和美鎮,591409
彰化縣,和美鎮,442277
彰化縣,和美鎮,651063
彰化縣,線西鄉,625042
彰化縣,伸港鄉,387243
彰化縣,伸港鄉,379399
彰化縣,伸港鄉,473132
彰化縣,福興鄉,352643
彰化縣,福興鄉,465452
彰化縣,秀水鄉,428792
彰化縣,花壇鄉,494940
嘉義市,東區,523433
嘉義市,東區,272841
嘉義市,東區,345890
嘉義市,東區,428595
嘉義市,東區,392499
嘉義市,東區,610126
嘉義市,東區,233959
嘉義市,東區,387981
嘉義市,東區,580910
嘉義市,東區,469546
嘉義市,東區,370244
嘉義市,西區,234360
嘉義市,西區,514693
嘉義市,西區,426668
嘉義市,西區,373370
嘉義市,西區,591396
嘉義市,西區,1147680
嘉義市,西區,702773
嘉義市,西區,477969
嘉義市,西區,536428
嘉義市,西區,508390
嘉義市,西區,495205
嘉義市,西區,378898
嘉義市,東區,329991
嘉義市,東區,490173
嘉義市,東區,376683
嘉義市,東區,622815
嘉義市,東區,351062
嘉義市,東區,637828
嘉義市,東區,387130
嘉義市,東區,660677
嘉義市,東區,568619
嘉義市,東區,308894
嘉義市,東區,440447
嘉義市,東區,554604
嘉義市,東區,406948
嘉義市,東區,58713
嘉義市,東區,69258
嘉義市,西區,595361
嘉義市,西區,59169
嘉義市,西區,715825
嘉義市,西區,452774
嘉義市,西區,375409
嘉義市,西區,526492
嘉義市,西區,925889
嘉義市,西區,680155
嘉義市,西區,954336
嘉義市,東區,65405
嘉義市,東區,308192
嘉義市,東區,332162
嘉義市,東區,420104
嘉義市,東區,218231
嘉義市,東區,313564
嘉義市,東區,233741
嘉義市,東區,671285
嘉義市,東區,712958
嘉義市,東區,741720
嘉義市,東區,495203
嘉義市,東區,353756
嘉義市,東區,254291
嘉義市,東區,490033
嘉義市,西區,358687
嘉義市,西區,259140
嘉義市,西區,380986
嘉義市,西區,486359
嘉義市,西區,1104369
嘉義市,西區,500376
嘉義市,西區,578761
嘉義市,西區,516508
嘉義市,西區,351340
嘉義市,西區,508539
嘉義市,西區,240332
嘉義市,西區,420364
嘉義市,西區,528428
嘉義市,西區,636044
嘉義市,西區,657302
嘉義市,西區,794310
嘉義市,西區,629163
嘉義市,西區,479932
嘉義市,東區,58741
嘉義市,東區,740585
嘉義市,東區,537294
嘉義市,東區,476080
嘉義市,東區,834277
嘉義市,東區,291945
嘉義市,東區,680959
嘉義市,東區,368005
嘉義市,西區,289306
嘉義市,西區,749874
嘉義市,西區,1239296
嘉義市,西區,581663
嘉義市,西區,223251
嘉義市,西區,67118
嘉義市,西區,341252
嘉義市,西區,478640
嘉義市,西區,111278
嘉義市,西區,459121
嘉義市,西區,323975
嘉義市,西區,283937
嘉義市,西區,390317
新竹市,東區,743079
新竹市,東區,974883
新竹市,東區,434485
新竹市,東區,471513
新竹市,東區,521767
新竹市,東區,482090
新竹市,東區,1392709
新竹市,東區,523356
新竹市,東區,433354
新竹市,東區,362390
新竹市,東區,581126
新竹市,東區,3076010
新竹市,東區,446353
新竹市,北區,667621
新竹市,北區,527286
新竹市,北區,311989
新竹市,北區,359126
新竹市,北區,627078
新竹市,北區,465838
新竹市,北區,365742
新竹市,北區,420080
新竹市,北區,581907
新竹市,北區,348596
新竹市,北區,807241
新竹市,東區,620582
新竹市,東區,852085
新竹市,東區,403007
新竹市,東區,502498
新竹市,東區,381291
新竹市,東區,633931
新竹市,東區,453316
新竹市,東區,423400
新竹市,東區,628634
新竹市,東區,426847
新竹市,東區,787918
新竹市,東區,1190232
新竹市,東區,535870
新竹市,東區,421862
新竹市,北區,162788
新竹市,北區,411010
新竹市,北區,334718
新竹市,北區,418677
新竹市,北區,660901
新竹市,北區,1004280
新竹市,北區,947907
新竹市,北區,489993
新竹市,北區,607019
新竹市,東區,438975
新竹市,東區,589430
新竹市,東區,679352
新竹市,東區,582158
新竹市,東區,1364558
新竹市,東區,460891
新竹市,東區,435782
新竹市,東區,774927
新竹市,東區,82310
新竹市,東區,776658
新竹市,東區,365274
新竹市,東區,1165081
新竹市,東區,656638
新竹市,東區,68213
新竹市,東區,649376
新竹市,東區,79323
新竹市,東區,666935
新竹市,東區,396344
新竹市,東區,935159
新竹市,北區,405606
新竹市,北區,464386
新竹市,北區,432740
新竹市,北區,114695
新竹市,北區,492224
新竹市,北區,321041
新竹市,香山區,536841
新竹市,香山區,392535
新竹市,香山區,861936
新竹市,北區,346320
新竹市,北區,444488
新竹市,香山區,466514
新竹市,香山區,428517
新竹市,香山區,356683
新竹市,香山區,1127521
新竹市,香山區,562334
新竹市,香山區,397341
新竹市,香山區,443211
新竹市,香山區,407338
新竹市,北區,533753
新竹市,北區,489247
新竹市,北區,639852
新竹市,北區,366740
新竹市,香山區,352759
新竹市,香山區,335503
新竹市,香山區,436793
新竹市,香山區,687198
新竹市,香山區,856418
新竹市,香山區,58916
新竹市,香山區,706157
新竹市,香山區,890602
新竹市,香山區,454378
新竹市,東區,513892
新竹市,東區,614767
新竹市,東區,594858
新竹市,東區,1374068
新竹市,東區,585713
新竹市,東區,1233928
新竹市,東區,2083881
新竹市,東區,698886
新竹市,東區,392969
新竹市,東區,391126
新竹市,東區,573376
新竹市,東區,493230
新竹市,東區,890547
新竹市,東區,350998
新竹市,東區,577934
新竹市,東區,748420
新竹市,東區,360774
新竹市,東區,1101118
新竹市,東區,503952
新竹市,東區,460037
新竹市,東區,345621
新竹市,東區,1524657
新竹市,北區,550871
新竹市,北區,350754
新竹市,北區,332141
新竹市,北區,579985
新竹市,北區,292930
新竹市,北區,502524
新竹市,北區,385938
新竹市,北區,311656
新竹市,北區,539539
新竹市,北區,316853
新竹市,北區,220060
新竹市,北區,984583
新竹市,北區,194841
新竹市,北區,759626
新竹市,北區,558613
新竹市,北區,826150
新竹市,北區,897374
新竹市,香山區,508880
新竹市,香山區,397802
新竹市,香山區,656526
新竹市,香山區,511611
新竹縣,竹北市,308092
新竹縣,竹北市,7976580
新竹縣,竹北市,452127
新竹縣,竹北市,498947
新竹縣,竹北市,649130
新竹縣,竹北市,489227
新竹縣,竹北市,1066403
新竹縣,竹北市,762104
新竹縣,竹北市,631161
新竹縣,竹北市,769115
新竹縣,竹北市,960961
新竹縣,竹北市,1007150
新竹縣,竹東鎮,60828
新竹縣,竹東鎮,718859
新竹縣,竹東鎮,420014
新竹縣,竹東鎮,353020
新竹縣,竹東鎮,260995
新竹縣,竹東鎮,500055
新竹縣,竹東鎮,308939
新竹縣,竹東鎮,324779
新竹縣,新埔鎮,279439
新竹縣,新埔鎮,320539
新竹縣,關西鎮,373428
新竹縣,竹北市,365480
新竹縣,竹北市,462238
新竹縣,竹北市,522007
新竹縣,竹北市,342881
新竹縣,竹北市,323216
新竹縣,竹北市,490872
新竹縣,竹北市,422903
新竹縣,竹北市,199380
新竹縣,竹北市,201310
新竹縣,竹北市,633946
新竹縣,竹北市,735573
新竹縣,竹北市,681723
新竹縣,竹北市,1727441
新竹縣,竹東鎮,419535
新竹縣,竹東鎮,424255
新竹縣,竹東鎮,391852
新竹縣,竹東鎮,454465
新竹縣,竹東鎮,469587
新竹縣,竹東鎮,404334
新竹縣,竹東鎮,349251
新竹縣,竹東鎮,740910
新竹縣,竹東鎮,261743
新竹縣,竹東鎮,339650
新竹縣,竹北市,59356
新竹縣,竹北市,323949
新竹縣,竹北市,1267997
新竹縣,竹北市,297986
新竹縣,竹北市,533939
新竹縣,竹北市,772673
新竹縣,竹北市,762863
新竹縣,竹北市,433784
新竹縣,竹北市,367174
新竹縣,竹北市,1274721
新竹縣,竹北市,1986697
新竹縣,竹北市,2092560
新竹縣,竹北市,484447
新竹縣,竹東鎮,279409
新竹縣,竹東鎮,105318
新竹縣,竹東鎮,391509
新竹縣,竹東鎮,738088
新竹縣,竹東鎮,280753
新竹縣,竹東鎮,498548
新竹縣,竹東鎮,403344
新竹縣,竹東鎮,64344
新竹縣,竹東鎮,369397
新竹縣,新埔鎮,385462
新竹縣,竹北市,533318
新竹縣,竹北市,427214
新竹縣,竹北市,360461
新竹縣,竹北市,509038
新竹縣,竹北市,559926
新竹縣,竹北市,402852
新竹縣,竹北市,649870
新竹縣,竹北市,820689
新竹縣,竹北市,686680
新竹縣,竹北市,872970
新竹縣,竹北市,1022244
新竹縣,竹北市,874146
新竹縣,竹北市,780603
新竹縣,竹北市,60214
新竹縣,竹東鎮,58815
新竹縣,竹東鎮,519131
新竹縣,竹東鎮,388622
新竹縣,竹東鎮,371126
新竹縣,竹東鎮,220296
新竹縣,竹東鎮,473837
新竹縣,竹東鎮,311926
新竹縣,竹東鎮,394181
新竹縣,新埔鎮,329812
新竹縣,新埔鎮,482100
新竹縣,關西鎮,294787
新竹縣,關西鎮,353592
新竹縣,關西鎮,307847
新竹縣,關西鎮,472150
新竹縣,關西鎮,322245
新竹縣,湖口鄉,336960
新竹縣,湖口鄉,398940
新竹縣,湖口鄉,561688
新竹縣,湖口鄉,705984
新竹縣,湖口鄉,1001010
新竹縣,湖口鄉,515242
新竹縣,新豐鄉,347124
新竹縣,新豐鄉,340322
新竹縣,新豐鄉,1257948
新竹縣,新豐鄉,107412
新竹縣,芎林鄉,355754
新竹縣,芎林鄉,58978
新竹縣,橫山鄉,338184
新竹縣,橫山鄉,59482
新竹縣,北埔鄉,351897
新竹縣,寶山鄉,364086
新竹縣,峨眉鄉,62667
新竹縣,新埔鎮,307316
新竹縣,新埔鎮,648698
新竹縣,關西鎮,59200
新竹縣,關西鎮,232569
新竹縣,關西鎮,261689
新竹縣,湖口鄉,296206
新竹縣,湖口鄉,344967
新竹縣,湖口鄉,433473
新竹縣,湖口鄉,59135
新竹縣,湖口鄉,1095303
新竹縣,新豐鄉,454193
新竹縣,新豐鄉,389031
新竹縣,新豐鄉,1076392
新竹縣,新豐鄉,747556
新竹縣,芎林鄉,448699
新竹縣,芎林鄉,59110
新竹縣,橫山鄉,314800
新竹縣,北埔鄉,289988
新竹縣,寶山鄉,1959854
新竹縣,寶山鄉,403382
新竹縣,寶山鄉,568512
新竹縣,寶山鄉,337945
新竹縣,新埔鎮,115655
新竹縣,新埔鎮,275450
新竹縣,新埔鎮,514654
新竹縣,關西鎮,285346
新竹縣,關西鎮,300251
新竹縣,湖口鄉,565491
新竹縣,湖口鄉,339837
新竹縣,湖口鄉,626887
新竹縣,湖口鄉,60475
新竹縣,湖口鄉,209418
新竹縣,湖口鄉,635898
新竹縣,湖口鄉,435327
新竹縣,湖口鄉,439348
新竹縣,湖口鄉,98457
新竹縣,新豐鄉,220404
新竹縣,新豐鄉,384526
新竹縣,新豐鄉,463447
新竹縣,新豐鄉,449213
新竹縣,新豐鄉,627865
新竹縣,芎林鄉,441842
新竹縣,芎林鄉,351744
新竹縣,芎林鄉,345405
新竹縣,橫山鄉,284661
新竹縣,尖石鄉,147706
新竹縣,五峰鄉,181941
新竹縣,新埔鎮,66064
新竹縣,新埔鎮,263575
新竹縣,新埔鎮,361008
新竹縣,關西鎮,427323
新竹縣,湖口鄉,114513
新竹縣,湖口鄉,416663
新竹縣,湖口鄉,67160
新竹縣,湖口鄉,554205
新竹縣,湖口鄉,343079
新竹縣,湖口鄉,560551
新竹縣,湖口鄉,714512
新竹縣,湖口鄉,709260
新竹縣,新豐鄉,296011
新竹縣,新豐鄉,94712
新竹縣,新豐鄉,461326
新竹縣,新豐鄉,324759
新竹縣,新豐鄉,405604
新竹縣,新豐鄉,591794
新竹縣,新豐鄉,298265
新竹縣,芎林鄉,599647
新竹縣,芎林鄉,373012
新竹縣,峨眉鄉,305108
新竹縣,峨眉鄉,301627
新竹縣,尖石鄉,65777
新竹縣,橫山鄉,306426
新竹縣,橫山鄉,347200
新竹縣,北埔鄉,228590
新竹縣,北埔鄉,338736
新竹縣,尖石鄉,240235
新竹縣,尖石鄉,186072
新竹縣,五峰鄉,121792
屏東縣,恆春鎮,496149
屏東縣,恆春鎮,836628
屏東縣,恆春鎮,642269
屏東縣,恆春鎮,732498
屏東縣,恆春鎮,680040
屏東縣,恆春鎮,674374
屏東縣,恆春鎮,569694
屏東縣,恆春鎮,729012
屏東縣,恆春鎮,1358835
屏東縣,萬丹鄉,508451
屏東縣,萬丹鄉,451792
屏東縣,萬丹鄉,836803
屏東縣,萬丹鄉,669263
屏東縣,萬丹鄉,1175461
屏東縣,萬丹鄉,961648
屏東縣,萬丹鄉,467221
屏東縣,萬丹鄉,325135
屏東縣,萬丹鄉,635003
屏東縣,萬丹鄉,64003
屏東縣,萬丹鄉,613519
屏東縣,萬丹鄉,547034
屏東縣,萬丹鄉,617340
屏東縣,萬丹鄉,301135
屏東縣,萬丹鄉,503258
屏東縣,萬丹鄉,458644
屏東縣,萬丹鄉,437737
屏東縣,萬丹鄉,535975
屏東縣,萬丹鄉,58782
屏東縣,長治鄉,895133
屏東縣,長治鄉,515790
屏東縣,長治鄉,487752
屏東縣,長治鄉,388974
屏東縣,長治鄉,468247
屏東縣,長治鄉,576364
屏東縣,長治鄉,795133
屏東縣,長治鄉,464257
屏東縣,長治鄉,468583
屏東縣,長治鄉,472624
屏東縣,麟洛鄉,389041
屏東縣,麟洛鄉,637352
屏東縣,麟洛鄉,59524
屏東縣,麟洛鄉,555104
屏東縣,麟洛鄉,382337
屏東縣,九如鄉,372939
屏東縣,九如鄉,740428
屏東縣,九如鄉,811534
花蓮縣,富里鄉,58728
花蓮縣,富里鄉,59094
花蓮縣,富里鄉,296418
花蓮縣,富里鄉,71168
花蓮縣,富里鄉,58800
花蓮縣,富里鄉,104025
花蓮縣,富里鄉,323268
花蓮縣,秀林鄉,395945
花蓮縣,秀林鄉,66715
花蓮縣,秀林鄉,314119
花蓮縣,秀林鄉,262633
花蓮縣,秀林鄉,287316
花蓮縣,秀林鄉,217679
花蓮縣,萬榮鄉,116460
花蓮縣,萬榮鄉,134457
花蓮縣,萬榮鄉,159150
花蓮縣,卓溪鄉,131793
花蓮縣,卓溪鄉,64599
花蓮縣,卓溪鄉,59907
花蓮縣,卓溪鄉,208527
屏東縣,九如鄉,611782
屏東縣,九如鄉,622033
屏東縣,九如鄉,336020
屏東縣,九如鄉,119074
屏東縣,九如鄉,549957
屏東縣,九如鄉,862288
屏東縣,里港鄉,682110
屏東縣,里港鄉,1165997
屏東縣,里港鄉,235380
屏東縣,里港鄉,315899
屏東縣,里港鄉,411439
屏東縣,里港鄉,532365
屏東縣,里港鄉,454690
屏東縣,里港鄉,370918
屏東縣,里港鄉,781430
屏東縣,里港鄉,1170398
屏東縣,里港鄉,135566
屏東縣,鹽埔鄉,1108529
屏東縣,鹽埔鄉,343991
屏東縣,鹽埔鄉,371731
屏東縣,鹽埔鄉,1114934
屏東縣,鹽埔鄉,304430
屏東縣,鹽埔鄉,885267
屏東縣,鹽埔鄉,332001
屏東縣,鹽埔鄉,497413
屏東縣,鹽埔鄉,382772
屏東縣,高樹鄉,314396
屏東縣,高樹鄉,58880
